nome;plesso;ordine;indirizzo;comune;email;tel;lat;lon
ARISTIDE GABELLI ;A.MORO SEC. 1°;Secondaria I Grado;VIA DALMAZIA, 1/A;Bari;baic84200t@istruzione.it;080/5335626;41.1200775;16.8837159
ARISTIDE GABELLI ;ALBERO AZZURRO;Infanzia;VIA DELLA TOLLERANZA;Bari;baic84200t@istruzione.it;805339334;41.1491964;16.7356547
ARISTIDE GABELLI ;ARCOBALENO;Infanzia;VIA DALMAZIA;Bari;baic84200t@istruzione.it;805332133;41.1200775;16.8837159
ARISTIDE GABELLI ;D. VACCA;Secondaria I Grado;VIA DELLE AZALEE, 2;Bari;baic84200t@istruzione.it;805331042;41.1588319;16.7387757
ARISTIDE GABELLI ;G. FALCONE;Primaria;VIA DELLE AZALEE, 9;Bari;baic84200t@istruzione.it;080/5336008;41.1588319;16.7387757
ARISTIDE GABELLI ;IQBAL MASIH;Primaria;PIAZZETTA ELEONORA;Bari;baic84200t@istruzione.it;080/5338785;41.1480465;16.7391791
ARISTIDE GABELLI ;R. BONGHI (Direzione);Primaria;VIA LUCCA;Bari;baic84200t@istruzione.it;080/5336129;41.1616457;16.7441982
ARISTIDE GABELLI ;TORRICELLA;Infanzia;VIA VITO ROSA, 1;Bari;baic84200t@istruzione.it;80994675;41.1452201;16.7405519
ARISTIDE GABELLI ;WALT DISNEY;Infanzia;VIA DELLE AZALEE, 9;Bari;baic84200t@istruzione.it;805331633;41.1588319;16.7387757
BALILLA - IMBRIANI ;BALILLA (Direzione);Infanzia;L.GO CARABELLESE 1 BARI;Bari;baic81400n@istruzione.it;805534737;41.1203619;16.8792696
BALILLA - IMBRIANI ;BALILLA (Direzione);Primaria;L.GO CARABELLESE 1 BARI;Bari;baic81400n@istruzione.it;805534737;41.1203619;16.8792696
BALILLA - IMBRIANI ;IMBRIANI;Secondaria I Grado;L.GO CARABELLESE 1 BARI;Bari;baic81400n@istruzione.it;805534737;41.1203619;16.8792696
CEGLIE-MANZONI-LUCARELLI ;A. DIAZ;Infanzia;via v. veneto, 90/92;Bari;baic846005@istruzione.it;808653040;41.1071355;16.894893
CEGLIE-MANZONI-LUCARELLI ;A. DIAZ;Primaria;via v. veneto, 90/92;Bari;baic846005@istruzione.it;808643040;41.1071355;16.894893
CEGLIE-MANZONI-LUCARELLI ;CEGLIE (Direzione);Primaria;VIA DIVENERE, 21/23;Bari;baic846005@istruzione.it;808653000;41.066298449360474;16.867661538399066
CEGLIE-MANZONI-LUCARELLI ;CEGLIE INFANZIA;Infanzia;VIA DIVENERE, 21/23;Bari;baic846005@istruzione.it;808653000;41.066298449360474;16.867661538399066
CEGLIE-MANZONI-LUCARELLI ;MANZONI - LUCARELLI;Secondaria I Grado;VIA ANGELANTONIO QUARANTA, 10;Bari;baic846005@istruzione.it;808653020;41.06712748244565;16.873307567234722
CEGLIE-MANZONI-LUCARELLI ;SANTA RITA;Infanzia;VIA DEL MONASTERO, 13;Bari;baic846005@istruzione.it;809277981;41.0695063;16.8593668
CEGLIE-MANZONI-LUCARELLI ;SANTA RITA;Primaria;VIA DEL MONASTERO, 13;Bari;baic846005@istruzione.it;809277981;41.0695063;16.8593668
CLEMENTINA PERONE - CARLO LEVI ;2° PADIGLIONE;Infanzia;VIA NAPOLI, 271;Bari;baic81900r@istruzione.it;080/5741016;41.1328922;16.8226907
CLEMENTINA PERONE - CARLO LEVI ;CARLO LEVI SEC. 1°;Secondaria I Grado;VIA BABUDRI,  45;Bari;baic81900r@istruzione.it;080/5277628;41.1198287;16.8508749
CLEMENTINA PERONE - CARLO LEVI ;CLEM. PERONE INFANZIA;Infanzia;VIA NAZARIATZ, 5;Bari;baic81900r@istruzione.it;080/5744533;41.123995376977646;16.84895346587724
CLEMENTINA PERONE - CARLO LEVI ;CLEM. PERONE PRIMARIA;Primaria;VIA NAZARIATZ, 5;Bari;baic81900r@istruzione.it;080/5744533;41.123995376977646;16.84895346587724
CLEMENTINA PERONE - CARLO LEVI ;COLLODI (Direzione) PRIMARIA;Primaria;via brigata regina, 27;Bari;baic81900r@istruzione.it;080/5277628;41.1235901;16.8518727
CLEMENTINA PERONE - CARLO LEVI ;COLLODI INFANZIA;Infanzia;VIA BRIGATA REGINA, 27;Bari;baic81900r@istruzione.it;080/5277628;41.1235901;16.8518727
DE AMICIS - LATERZA-M.S.MICHELE ;GOBETTI;Infanzia;VIA GOBETTI 1;Bari;baic817005@istruzione.it;805016690;41.1969029;16.6109512
DE AMICIS - LATERZA - M.S.MICHELE ;DEL PRETE ;Infanzia;VIA LUIGI PINTO 1;Bari;baic817005@istruzione.it;805016690;41.1112858;16.8728285
DE AMICIS - LATERZA- M.S.MICHELE ;LATERZA;Secondaria I Grado;VIA ZANARDELLI 16;Bari;baic817005@istruzione.it;805016690;41.1847272;16.673565
DE AMICIS - LATERZA- M.S.MICHELE ;De Amicis;Primaria;VIA RE DAVID 179;Bari;baic817005@istruzione.it;805016690;41.1149924;16.8750107
MONTE S.MICHELE 26° Circolo ;PRIMARIA;Primaria;CORSO ALCIDE DE GASPERI 345;Bari;baic817005@istruzione.it;805016690;41.0928916;16.8690249
DE AMICIS-LATERZA-M.S.MICHELE ;MONTE S.MICHELE ;Infanzia;VIA DE SAMUELE CAGNAZZI 51;Bari;baic817005@istruzione.it;805016690;41.1047;16.8695291
DE AMICIS - LATERZA - M.S.MICHELE;MUNGIVACCA ;Primaria;PIAZZALE PUGLIESE 1;Bari;baic817005@istruzione.it;805016690;41.09260791422888;16.89086681459615
I.C. DE AMICIS-LATERZA-M.S.MICHELE;Ospedale Pediatrico GIOVANNI XXIII;Primaria;VIA AMENDOLA;Bari;baic817005@istruzione.it;805016690;41.1154611;16.8802198
DE AMICIS-LATERZA-M.S.MICHELE ;Ospedale Pediatrico Giovanni 23;Infanzia;VIA AMENDOLA;Bari;baic817005@istruzione.it;805016690;41.1154611;16.8802198
C.P.I.A.;I.P.M. FORNELLI Primaria;Primaria;Via Giulio Petroni 90;Bari;bamm29700r@istruzione.it;080 504 1012;41.0960175;16.8675526
DE AMICIS-LATERZA-M.S.MICHELE ;MUNGIVACCA;Infanzia;PIAZZALE PUGLIESE 1;Bari;baic817005@istruzione.it;805016690;41.09260791422888;16.89086681459615
POGGIOFRANCO - T.FIORE ;T.FIORE;Secondaria I Grado;via M. L. King 38;Bari;baic8ab002@istruzione.it;805614931;41.09971553587092;16.86237025135289
POGGIOFRANCO - T.FIORE ;TAURO PRIMARIA;Primaria;via G. Tauro;Bari;baic8ab002@istruzione.it;805613356;40.9412517;17.1334819
POGGIOFRANCO - T.FIORE ;KING;Infanzia;via M. L. King 42;Bari;baic8ab002@istruzione.it;805045038;41.09978910053967;16.86178691348705
DON L.MILANI ;AZZARITA-DE FILIPPO UNGARETTI SEC. 1°;Secondaria I Grado;via Don Carlo Gnocchi, 18;Bari;baic812002@istruzione.it;805371951;41.1305511;16.7855844
DON L.MILANI ;DON L.MILANI (Direzione) INFANZIA;Infanzia;Viale delle Regioni n°62 ;Bari;baic812002@istruzione.it;080 537 1951;41.1229825;16.7975701
DON L.MILANI ;DON L.MILANI (Direzione) PRIMARIA;Primaria;Viale delle Regioni n°62 ;Bari;baic812002@istruzione.it;080 537 1951;41.1229825;16.7975701
DON L.MILANI ;LANAVE INFANZIA;Infanzia;Via Grazia Deledda 2;Bari;baic812002@istruzione.it;080 538 1867;39.8406621;9.6450137
DON L.MILANI ;NUOVO PLESSO DON L.MILANI INFANZIA;Infanzia;VIA TRENTINO 13;Bari;baic812002@istruzione.it;080 538 0556;41.051701;16.7031057
DON L.MILANI ;VITO DE FANO ex COMPARTO B INFANZIA;Infanzia;Via Don Gnocchi snc;Bari;baic812002@istruzione.it;080 537 9125;41.12944888545642;16.783433591627666
DON L.MILANI ;VITO DE FANO ex COMPARTO B PRIMARIA;Primaria;Via Don Gnocchi snc;Bari;baic812002@istruzione.it;080 537 9125;41.12944888545642;16.783433591627666
E.LOI - G.SANTOMAURO ;E.LOI;Infanzia;viale G. BARTOLO N.8;Bari;baic84400d@istruzione.it;805046347;41.092409288435164;16.858528361591297
E.LOI - G.SANTOMAURO ;E.LOI Primaria;Primaria;viale G. BARTOLO N.8;Bari;baic84400d@istruzione.it;805046347;41.092409288435164;16.858528361591297
E.LOI - G.SANTOMAURO ;SMM SANTOMAURO;Secondaria I Grado;VIA VASSALLO 16;Bari;baic84400d@istruzione.it;805013617;41.09147077672906;16.878554606461584
ELEONORA DUSE ;SAN GIOVANNI BOSCO;Primaria;P.ZZA REDENTORE, 185;Bari;baic816009@istruzione.it;805749164;41.1194556;16.8554567
ELEONORA DUSE ;SAN GIOVANNI BOSCO;Secondaria I Grado;P.ZZA REDENTORE, 185;Bari;baic816009@istruzione.it;805749164;41.1194556;16.8554567
ELEONORA DUSE ;SAN GIOVANNI BOSCO;Infanzia;VIA DON BOSCO, 2;Bari;baic816009@istruzione.it;805749164;41.1446356;16.4165715
ELEONORA DUSE ;MARCONI;Primaria;VIA SKANDERBERG, 33;Bari;baic816009@istruzione.it;8053448868;41.13731239521063;16.844042478543994
ELEONORA DUSE ;DUSE PRIMARIA;Primaria;VIA SAN GIROLAMO, 38;Bari;baic816009@istruzione.it;808652800;41.2063674;16.598428
ELEONORA DUSE ;E.DUSE (Direzione) INFANZIA;Infanzia;VIA SAN GIROLAMO;Bari;baic816009@istruzione.it;0808652800 - 0805347;41.2063313;16.5990386
ELEONORA DUSE ;E.DUSE (Direzione) SEC. 1°;Secondaria I Grado;VIA SAN GIROLAMO, 38;Bari;baic816009@istruzione.it;808652801;41.2063674;16.598428
ELEONORA DUSE ;E/28 INFANZIA;Infanzia;STRADA SAN GIROLAMO;Bari;baic816009@istruzione.it;808652852;41.136446;16.8190718
ELEONORA DUSE ;SAN GIROLAMO;Primaria;STRADA SAN GIROLAMO;Bari;baic816009@istruzione.it;808652851;41.136446;16.8190718
FALCONE BORSELLINO ;CHIAIA INFANZIA;Infanzia;VIALE PUGLIA,2;Bari;baic80600p@istruzione.it;805376740;41.1002457;16.8741244
FALCONE BORSELLINO ;CHIAIA PRIMARIA;Primaria;VIA BRINDISI, 1;Bari;baic80600p@istruzione.it;805370131;41.1214571;16.7993114
FALCONE BORSELLINO ;CIRIELLI PRIMARIA;Primaria;via Molise,6;Bari;baic80600p@istruzione.it;080/5376947;41.1219413;16.7959069
FALCONE BORSELLINO ;CIRIELLI SEC.1°;Secondaria I Grado;via Molise,4;Bari;baic80600p@istruzione.it;805371046;41.1219413;16.7959069
FALCONE BORSELLINO ;FALCONE BORSELLINO (Direzione) INFANZIA;Infanzia;via Cassala,15;Bari;baic80600p@istruzione.it;805741819;41.1182056;16.8382331
FALCONE BORSELLINO ;FALCONE BORSELLINO (Direzione) PRIMARIA;Primaria;via Cassala,15;Bari;baic80600p@istruzione.it;805741819;41.1182056;16.8382331
FALCONE BORSELLINO ;FALCONE BORSELLINO (Direzione) SEC. 1°;Secondaria I Grado;via Cassala,15;Bari;baic80600p@istruzione.it;805741819;41.1182056;16.8382331
FALCONE BORSELLINO ;LOPOPOLO INFANZIA;Infanzia;VIAL LAZIO,8;Bari;baic80600p@istruzione.it;805371395;41.11940040319638;16.793013910969314
FALCONE BORSELLINO ;PETRIGNANI PRIMARIA;Primaria;PIAZZA ROMITA,6;Bari;baic80600p@istruzione.it;805371005;41.1196363;16.7969463
FRACCACRETA ;SEC.1°;Secondaria I Grado;VIA VOLPE, 16;Bari;baic889003@istruzione.it;805302541;41.1555518;16.7633642
FRACCACRETA ;MARIA MONTESSORI INFANZIA;Infanzia;VIA RANIERI, 1/A;Bari;baic889003@istruzione.it;805306674;41.1559024;16.7745472
FRACCACRETA ;Primaria;Primaria;VIA VITT. VENETO, 50;Bari;baic889003@istruzione.it;805300085;41.15576630964337;16.765308820583396
FRACCACRETA ;VIA VENETO;Secondaria I Grado;VIA VITT. VENETO, 50;Bari;baic889003@istruzione.it;5300085;41.15576630964337;16.765308820583396
GARIBALDI ;GARIBALDI INFANZIA;Infanzia;p.zza RISORGIMENTO, 1;Bari;baic81500d@istruzione.it;805799123;41.0601695;17.0893642
GARIBALDI ;GARIBALDI PRIMARIA;Primaria;p.zza RISORGIMENTO, 1;Bari;baic81500d@istruzione.it;805231106;41.0601695;17.0893642
GARIBALDI ;PASCOLI SEC. 1°;Secondaria I Grado;via PIZZOLI 58;Bari;baic81500d@istruzione.it;805214555;41.0483501;16.919962
GARIBALDI ;PIEMONTE (Direzione) INFANZIA;Infanzia;via E. FIERAMOSCA, 110;Bari;baic81500d@istruzione.it;805799123;41.12303080168564;16.85732197351181
GARIBALDI ;PIEMONTE (Direzione) SEC. 1°;Secondaria I Grado;PIZZOLI 1;Bari;baic81500d@istruzione.it;805214555;41.1275098;16.8605895
GARIBALDI ;PIEMONTE PRIMARIA 5;Primaria;via E. FIERAMOSCA, 110;Bari;baic81500d@istruzione.it;805799123;41.12303515279775;16.85732426298495
GARIBALDI ;R. MORO INFANZIA;Infanzia;VIA RAVANAS 1;Bari;baic81500d@istruzione.it;805793861;41.1277204;16.8579664
GARIBALDI ;R. MORO PRIMARIA;Primaria;VIA RAVANAS 1;Bari;baic81500d@istruzione.it;805793861;41.1277204;16.8579664
GIOVANNI PAOLO II - DE MARINIS ;CARMELA CINIGLIO PRIMARIA;Primaria;VIA VALENZANO,1;Bari;baic845009@istruzione.it;805001001;41.0412229;16.8482131
GIOVANNI PAOLO II - DE MARINIS ;DE MARINIS SEC. 1°;Secondaria I Grado;Via Nicola Colonna, 1;Bari;baic845009@istruzione.it;805654496;41.07805250435569;16.872366874984742
GIOVANNI PAOLO II - DE MARINIS ;DON MARIO DALESIO (Direzione) PRIMARIA;Primaria;VIA FRANCESCO PEPE,2;Bari;baic845009@istruzione.it;805653193;41.0769978;16.8660396
GIOVANNI PAOLO II - DE MARINIS ;M.TERESA DI CALCUTTA INFANZIA;Infanzia;VIA OSPEDALE DI VENERE,8;Bari;baic845009@istruzione.it;805037730;41.0757104;16.8674475
GIOVANNI PAOLO II - DE MARINIS ;NICHOLAS GREEN INFANZIA;Infanzia;VIA ARDIGO,15;Bari;baic845009@istruzione.it;805035985;41.06803289919295;16.86930376073032
GRIMALDI - LOMBARDI ;BIAGIO GRIMALDI PRIMARIA;Primaria;VIA CACUDI, N. 1;Bari;baic84300n@istruzione.it;805374808;41.126809;16.7883709
GRIMALDI - LOMBARDI ;BREDA INFANZIA;Infanzia;VIA CACUDI, N. 1;Bari;baic84300n@istruzione.it;805374808;41.126809;16.7883709
GRIMALDI - LOMBARDI ;LINDGREN EX COMPARTO C;Infanzia;VIA CANDURA, 24;Bari;baic84300n@istruzione.it;808644013;41.124676;16.8021501
GRIMALDI - LOMBARDI ;LOMBARDI (Direzione) SEC. 1°;Secondaria I Grado;VIA LOMBARDIA, 2;Bari;baic84300n@istruzione.it;805371009;41.1200263;16.7892444
GRIMALDI - LOMBARDI ;LOMBARDI 1 SEZ. PRIMARIA;Primaria;VIA LOMBARDIA, 2;Bari;baic84300n@istruzione.it;805371009;41.1200263;16.7892444
JAPIGIA 1 - VERGA ;DON ORIONE INFANZIA;Infanzia;V.LE JAPIGIA 140 ;Bari;baic88400x@istruzione.it;805530943;41.115845;16.8912029
JAPIGIA 1 - VERGA ;DON ORIONE PRIMARIA;Primaria;V.LE JAPIGIA 140 ;Bari;baic88400x@istruzione.it;805530943;41.115845;16.8912029
JAPIGIA 1 - VERGA ;G.VERGA SEC. 1°;Secondaria I Grado;VIA P.CARABELLESE, 34;Bari;baic88400x@istruzione.it;080558+6758;41.10546505409767;16.90764489246622
JAPIGIA 1 - VERGA ;S.FRANCESCO (Direzione) INFANZIA;Infanzia;VIA PEUCETIA ;Bari;baic88400x@istruzione.it;805530943;41.1121581;16.8945287
JAPIGIA 1 - VERGA ;S.FRANCESCO (Direzione) PRIMARIA;Primaria;VIA PEUCETIA ;Bari;baic88400x@istruzione.it;805530943;41.1121581;16.8945287
JAPIGIA 2 TORRE A MARE ;AQUARO INFANZIA;Infanzia;VIA MORELLI E SILVATI, 5/3;Bari;baic88600g@istruzione.it;805431625;41.0827421;17.0208057
JAPIGIA 2 TORRE A MARE ;ARDITO INFANZIA;Infanzia;VIA MORELLI E SILVATI, 5/4;Bari;baic88600g@istruzione.it;808652251;41.0827421;17.0208057
JAPIGIA 2 TORRE A MARE ;G. RODARI (Direzione) PRIMARIA;Primaria;VIA ATTILIO CORRUBIA, 1;Bari;baic88600g@istruzione.it;805543956;41.1093850299377;16.897636575544006
JAPIGIA 2 TORRE A MARE ;LASCITO-RANIERI INFANZIA;Infanzia;VIA CALDAROLA, 24;Bari;baic88600g@istruzione.it;805540277;41.1062929;16.8995138
JAPIGIA 2 TORRE A MARE ;LOMBARDO-RADICE INFANZIA;Infanzia;PARALLELA PROLUNGAMENTO ;Bari;baic88600g@istruzione.it;805583982;40.80796;16.9187076
JAPIGIA 2 TORRE A MARE ;MAMELI PRIMARIA;Primaria;VIA MARTIRI DELLA RESISTENZA, 1;Bari;baic88600g@istruzione.it;805430012;41.0874212;16.9946254
JAPIGIA 2 TORRE A MARE ;PADRE PIO INFANZIA;Infanzia;VIA GUGLIELMO APPULO, 23;Bari;baic88600g@istruzione.it;805547228;41.1031409;16.8997295
JAPIGIA 2 TORRE A MARE ;R. L. MONTALCINI (Torre a Mare) SEC. 1°;Secondaria I Grado;L.go Leopardi, 2;Bari;baic88600g@istruzione.it;805430011;41.0864113;16.9984241
MASSARI - GALILEI ;MASSARI (Direzione) SEC. 1°;Secondaria I Grado;VIA PETRERA,80;Bari;baic818001@istruzione.it;8653300;41.1098285;16.8629471
MASSARI - GALILEI ;GALILEI SEC. 1°;Secondaria I Grado;VIA NICOLA DI TULLIO,67;Bari;baic818001@istruzione.it;5566744;41.1149754;16.8631636
MASSARI - GALILEI ;MONTELLO INFANZIA;Infanzia;VIA DE GEMMIS 13;Bari;baic818001@istruzione.it;805475815;41.1123484;16.8660019
MASSARI - GALILEI ;MONTELLO PRIMARIA;Primaria;VIA DE GEMMIS 13;Bari;baic818001@istruzione.it;805475815;41.1123484;16.8660019
MASSARI - GALILEI ;PRIMARIA;Primaria;VIALE SALANDRA 18;Bari;baic818001@istruzione.it;805566662;41.1141583;16.8646804
DE AMICIS - LATERZA - M.S.MICHELE ;CL. PEDIATRICA c/o Policlinico PRIMARIA;Primaria;PIAZZA GIULIO CESARE 11;Bari;baic817005@istruzione.it;805016690;41.1116427;16.8594522
MASSARI - GALILEI ;INFANZIA;Infanzia;VIA LEMBO 1/A;Bari;baic818001@istruzione.it;805566662;41.11451;16.8651857
MICHELANGELO ;S.S.1.G. 'MICHELANGELO';Secondaria I Grado;VIA GENERALE NICOLA STRAZIOTA, 1;Bari;baic8ae00d@istruzione.it;805026649;41.10087217478978;16.87910053365337
MICHELANGELO ;CARRANTE;Primaria;VIA CARRANTE, 10;Bari;baic8ae00d@istruzione.it;805014445;41.0950101;16.8656631
MAZZINI - MODUGNO ;G.MODUGNO SEC. 1°;Secondaria I Grado;VIA FORNARI, 6;Bari;baic847001@istruzione.it;805211367;40.80191;16.9219175
MAZZINI - MODUGNO ;MAZZINI PRIMARIA;Primaria;VIA SUPPA N. 7;Bari;baic847001@istruzione.it;805211367;40.798038;17.1230799
MAZZINI - MODUGNO ;PIAZZETTA FRATI CAPPUCCINI INFANZIA;Infanzia;Piazzetta Frati Cappuccini;Bari;baic847001@istruzione.it;805211367;41.1195285;16.8666115
UMBERTO 1°-S.NICOLA ;F.CORRIDONI (Direzione) PRIMARIA;Primaria;LARGO SAN SABINO 1;Bari;baic803007@istruzione.it;080/5214347;41.1279917;16.8690256
UMBERTO 1°-S.NICOLA ;N. PICCINNI PRIMARIA;Primaria;VIA CARDUCCI 10;Bari;baic803007@istruzione.it;805211803;41.1269974;16.8638222
UMBERTO 1°-S.NICOLA ;S. NICOLA;Secondaria I Grado;Largo Urbano II , 1;Bari;baic803007@istruzione.it;805218231;41.1305518;16.870216
ZINGARELLI ;ANNA FRANK INFANZIA;Infanzia;Via Stradella del Caffè, 26 ;Bari;baic81300t@istruzione.it;805613458;41.096967023075415;16.862147051159987
ZINGARELLI ;ANNA FRANK PRIMARIA;Primaria;Via Stradella del Caffè, 26 / Via M.L.King;Bari;baic81300t@istruzione.it;805613458;41.096967023075415;16.862147051159987
ZINGARELLI ;ZINGARELLI (Direzione);Secondaria I Grado;Via Pansini, 13;Bari;baic81300t@istruzione.it;805618272;41.2028377;16.5975782
PALESE - 27° Circolo;COLLODI;Infanzia;V.LE LEONARDO DEL TURCO, 6/8;Bari;baee02700t@istruzione.it;805306672;41.15187786234944;16.754353376220386
PALESE - 27° Circolo;D. D'AOSTA;Primaria;VIA DUCA D'AOSTA, 2;Bari;baee02700t@istruzione.it;805303319;40.7817757;17.2370927
PALESE - 27° Circolo;MARCO POLO;Primaria;V.LE LEONARDO DEL TURCO;Bari;baee02700t@istruzione.it;805303329;41.15106179061898;16.753656276517233
PALESE - 27° Circolo;VIA MACCHIE;Infanzia;VIA MACCHIE, 58;Bari;baee02700t@istruzione.it;808652440;41.148657;16.7699207
RE DAVID - 14° Circolo;DON TONINO BELLO;Infanzia;VIA ULPIANI, 1;Bari;baee01400q@istruzione.it;080/5569487;41.1109495;16.8795216
RE DAVID - 14° Circolo;IQBAL MASIH;Primaria;VIA OMODEO, 27;Bari;baee01400q@istruzione.it;080/5025278;41.1057694;16.8814444
RE DAVID - 14° Circolo;M.GANDHI;Primaria;VIA ULPIANI, 1;Bari;baee01400q@istruzione.it;080/5569487;41.1109495;16.8795216
CIRILLO CONV.NAZ. 30° Circolo;PRIMARIA;Primaria;VIA DOMENICO CIRILLO 33;Bari;bavc010004@istruzione.it;805421855;41.1134353;16.8782822
CIRILLO CONV.NAZ. 30° Circolo;CIRILLO;Secondaria I Grado;VIA DOMENICO CIRILLO 33;Bari;bavc010004@istruzione.it;805421855;41.1134353;16.8782822
AMEDEO D'AOSTA;AMEDEO D'AOSTA;Secondaria I Grado;VIA OBERDAN, 8;Bari;bamm308002@istruzione.it;805534146;40.7854503;17.2355895
CARDUCCI G.;CARDUCCI G.;Secondaria I Grado;Via San Francesco d’Assisi, 63 - 70122 Bari;Bari;bamm003008@istruzione.it;805213163;41.1267297;16.863625
GORJUX R.-TRIDENTE-VIVANTE Ist.Istruzione Sec.Superiore;VIVANTE;Secondaria II Grado;Piazza Armando Diaz n.10;Bari;bais03700e@istruzione.it;080/5540560;41.1227028;16.8776572
GORJUX R.-TRIDENTE-VIVANTE Ist.Istruzione Sec.Superiore;GORJUX R.;Secondaria II Grado;Via Raffaele Bovio n.13;Bari;bais03700e@istruzione.it;080/5461463;41.0955932;16.8856367
GORJUX R.-TRIDENTE-VIVANTE Ist.Istruzione Sec.Superiore;TRIDENTE N.;Secondaria II Grado;Viale Papa Giovanni XXIII n.59;Bari;bais03700e@istruzione.it;080/5574381;41.1070397;16.8697543
G.CESARE - I.I.S.S.;PRINCIPALE;Secondaria II Grado;VIALE EINAUDI 66;Bari;bais06100b@istruzione.it;805486027;41.0536157;17.0819531
G.CESARE -I.I.S.S.;SUCCURSALE;Secondaria II Grado;VIA VITERBO 3;Bari;bais06100b@istruzione.it;809909784;40.7788185;17.2462187
PANETTI - PITAGORA I.T.T.;PITAGORA;Secondaria II Grado;Corso Cavour, 249;Bari;batf230001@istruzione.it;805240095;41.1185799;16.8723219
PANETTI - PITAGORA I.T.T.;PANETTI;Secondaria II Grado;VIA RE DAVID, 186;Bari;batf230001@istruzione.it;805425412;41.1149924;16.8750107
PEROTTI A. - I.P.S.S.A.R. Ist.Servizi Albergh.e Ristor.;CENTRALE;Secondaria II Grado;via Niceforo 8;Bari;barh01000n@istruzione.it;805613581;41.1019449;16.8621246
PEROTTI A. - I.P.S.S.A.R. Ist.Servizi Albergh.e Ristor.;SUCCURSALE;Secondaria II Grado;via C. Ulpiani, 10;Bari;barh01000n@istruzione.it;805530091;41.110767144997105;16.879093399473618
MAJORANA E. - I.I.S.S.;BARI SAN PAOLO;Secondaria II Grado;VIA S. TRAMONTE, 2;Bari;BARH11000E@istruzione.it;805305335;41.12888799763592;16.79749153057859
MAJORANA E. - I.I.S.S.;SUCCURSALE;Secondaria II Grado;VIA NAZIONALE, 8;Bari;BARH11000E@istruzione.it;805305497;41.1487313;16.7842427
E.DI SAVOIA-CALAMANDREI Ist.Istruzione Sec.Superiore;CALAMANDREI;Secondaria II Grado;VIA SAN GASPARE DEL BUFALO 1;Bari;bais04900r@istruzione.it;805035674;41.0685152;16.8643583
E.DI SAVOIA-CALAMANDREI Ist.Istruzione Sec.Superiore;E. DI SAVOIA Ist. Tecn.Attiv.Sociali;Secondaria II Grado;VIA CALDAROLA, SNC;Bari;bais04900r@istruzione.it;080/5586702;41.100865643231685;16.90930064980898
DE NITTIS - PASCALI Ist.Istruzione Sec.Superiore;PINO PASCALI Liceo Art.co Ist. d'Arte;Secondaria II Grado;Corso Vittorio Veneto 14;Bari;basl06000t@istruzione.it;080 5793902;41.1277173;16.857154
DE NITTIS - PASCALI Ist.Istruzione Sec.Superiore;DE NITTIS Liceo Art.co;Secondaria II Grado;via Timavo 25;Bari;basl06000t@istruzione.it;080 5563617;41.110106;16.8660031
IP SANTARELLA - DE LILLA;SEDE CENTRALE - VIA ROCCA;Secondaria II Grado;VIA G.ROCCA 2;Bari;bari130007@istruzione.it;809905355;41.103274908377166;16.90557905436192
IPSIA SANTARELLA - DE LILLA;SEDE SUCCURSALE - VIA CELSO ULPIANI;Secondaria II Grado;VIA CELSO ULPIANI 8;Bari;bari130007@istruzione.it;805421268;41.1109495;16.8795216
I.T. EUCLIDE-CARACCIOLO;SECONDO PLESSO ' CARACCIOLO';Secondaria II Grado;VIA CALDAROLA (POLIV.);Bari;bath040009@istruzione.it;080/5548802;41.1006279271866;16.912193793712188
I.T. EUCLIDE-CARACCIOLO;'EUCLIDE'  SEDE CENTRALE;Secondaria II Grado;VIA PREZZOLINI, SNC;Bari;bath040009@istruzione.it;080/5522025;41.10053034228725;16.90771937123237
SOCRATE - Liceo Classico;SOCRATE;Secondaria II Grado;via San Tommaso d'Aquino n. 4 - 70124 Bari;Bari;bapc150004@istruzione.it;805043941;41.0978293;16.858472
SOCRATE - Liceo Classico;SOCRATE (SUCCURSALE);Secondaria II Grado;Via Papa Giovanni XXIII N.55 - 70124  BARI;Bari;bapc150004@istruzione.it;080 0994662;41.0459528;16.8820876
C.P.I.A.;MELO DA BARI;Secondaria I Grado;VIA MAGGIORE TURITTO 13;Bari;bamm29700r@istruzione.it;808644003;40.8898408;16.7699593
C.P.I.A.;SAN NICOLA;Secondaria I Grado;LARGO URBANO II;Bari;bamm29700r@istruzione.it;809184970;41.1305518;16.870216
C.P.I.A.;VERGA;Secondaria I Grado;VIA P. CARABELLESE, 34;Bari;bamm29700r@istruzione.it;808653840;41.105236557615136;16.907453930029327
C.P.I.A.;CASA CIRCONDARIALE;Secondaria I Grado;CORSO DE GASPERI 307;Bari;bamm29700r@istruzione.it;805024155;41.1070654;16.8717583
C.P.I.A.;MASSARI;Secondaria I Grado;VIA DANIELE PETRERA 80;Bari;bamm29700r@istruzione.it;805617219;41.1098285;16.8629471
C.P.I.A.;LOMBARDI;Secondaria I Grado;VIA LOMBARDIA;Bari;bamm29700r@istruzione.it;805371009;41.1199499;16.7881219
CIRILLO CONV.NAZ. 30° Circolo;CIRILLO;Secondaria II Grado;VIA D. CIRILLO, 33;Bari;bavc010004@istruzione.it;805421855;41.11358939678573;16.878074321982876
FERMI - Liceo Scientifico;FERMI;Secondaria II Grado;Via R. Bovio 19/A;Bari;baps05000a@istruzione.it;805484304;41.096596383537864;16.88760826466719
FLACCO Q. O. - Liceo Classico;LICEO CLASSICO QUINTO ORAZIO FLACCO;Secondaria II Grado;VIA PIZZOLI 58;Bari;bapc13000v@istruzione.it;805211809;41.0483501;16.919962
I.I.S.S. MARCO POLO;MARCO POLO;Secondaria II Grado;VIALE GIUSEPPE BARTOLO 4/6;Bari;bais05900b@istruzione.it;805043936;41.0951207;16.8582491
IISS D. ROMANAZZI;ROMANAZZI;Secondaria II Grado;VIA CELSO ULPIANI, 6/A;Bari;bais062007@istruzione.it;805425611;41.1109495;16.8795216
IST. TECNICO ECONOMICO;IST. TECNICO ECONOMICO;Secondaria II Grado;VIA CALDAROLA CENTRO STUDI POLIVALENTE BARI;Bari;batd13000t@istruzione.it;805548738;41.10122257832587;16.910377318687488
LICEO DELLE SCIENZE UMANE- LES - LICEO LINGUISTICO;LICEO DELLE SCIENZE UMANE;Secondaria II Grado;Corso Mazzini, 114;Bari;bapm010001@istruzione.it;080/5277535;41.1249577;16.8559462
MARCONI-Ist.Tecnico Ind.le;MARCONI;Secondaria II Grado;piazza Poerio, 2;Bari;bais063003@istruzione.it;805534450;41.1173595;16.8882616
SALVEMINI - Liceo Scientifico;SALVEMINI;Secondaria II Grado;VIA PREZZOLINI;Bari;baps060001@istruzione.it;805548739;41.1004238;16.9072851
LICEO SCIENTIFICO STATALE ;ARCANGELO SCACCHI;Secondaria II Grado; 241 CORSO CAVOUR, 241;Bari;baps01000x@istruzione.it;805242237;41.1190669;16.8725811
LENOCI;LENOCI;Secondaria II Grado;VIA CALDAROLA CENTRO STUDI POLIVALENTE BARI;Bari;batd13000t@istruzione.it;805548738;41.10066237775655;16.910093110796428
A N 8;AN8;Asilo;Via Pantaleo Carabellese,6;Bari;asilo.nido.an8@comune.bari.it;0805778200-01;41.1072217;16.9069432
LE ALI DI MICHELA;asilo nido comunale le ali di michela;Asilo;piazzetta eleonora;Bari;lealidimichela@comune.bari.it;805778230;41.1480465;16.7391791
 Nido d'infanzia Speranza;Speranza;Asilo;Parallela di via Peucetia, 4;Bari;asilo.nido.speranza@comune.bari.it;805778221;41.10946659108198;16.897359177703365
VILLARI;asilo nido villari;Asilo;via villari 15;Bari;asilo.nido.villari@comune.bari.it;805772466;41.126601215860184;16.864538552525723
LA TANA DEL GHIRO;ASILO NIDO LA TANA del GHIRO;Asilo;via laetitia abbaticola 2;Bari;asilo.nido.latanadelghiro@comune.bari.it;805778180;41.10037392113595;16.887652744184148
LIBERTA';ASILO NIDO LIBERTA';Asilo;via Garruba n. 160;Bari;asilo.nido.liberta@comune.bari.it;080-5772905;41.1203436;16.8645729
COSTA;ASILO NIDO Costa;Asilo;via Nicola Costa 2 - 4;Bari;asilo.nido.costa@comune.bari.it;080 - 5343318;41.135402;16.8187689
STANIC;asilo nido stanic;Asilo;via cassala 5;Bari;asilo.nido.stanic@comune.bari.it;805778240;41.1182056;16.8382331
MONTESSORI;ASILO NIDO Montessori;Asilo;Via V. Veneto n. 189;Bari;asilo.nido.montessori@comune.bari.it;080/5772460 - 2461;41.1071355;16.894893
PRINCIPESSA IOLANDA (Direzione);PRINCIPESSA IOLANDA (Direzione);Infanzia;Via Carducci 23;Bari;scuola.infanzia.principessajolanda@comune.bari.it;805778150;41.1273101;16.8640158
FERRANINI;FERRANINI ;Infanzia;VIA LUIGI FERRANNINI, PAL. C s.n.c. - BARI;Bari;scuola.infanzia.ferranini@comune.bari.it;0805778110-8111;41.08274126806294;16.869708359033073
SPERANZA;SPERANZA;Infanzia;Strada Parallela di Via Peucetia n.4;Bari;scuola.infanzia.speranza@comune.bari.it;0805778210-8211;41.10940057040664;16.89725703901939
IL GLICINE BIANCO;IL GLICINE BIANCO;Infanzia;VIALE LUIGI EINAUDI, 17 - BARI;Bari;scuola.infanzia.glicinebianco@comune.bari.it;0805778190-8191;41.0536157;17.0819531
V.VENETO;V.VENETO;Infanzia;C.so Benedetto Croce 130/C;Bari;scuola.infanzia.vittorioveneto@comune.bari.it;805772475;41.1112181;16.8721074
MANZARI BUONVINO (Direzione);MANZARI BUONVINO (Direzione);Infanzia;Via Alessandro Manzoni, 228;Bari;scuola.infanzia.manzaribuonvino@comune.bari.it;0805778142-43;41.1216024;16.8611883
SAVERIO LIOCE;S. LIOCE;Infanzia;trav. al n18/G di via Giovanni Modugno, 1;Bari;scuola.infanzia.saveriolioce@comune.bari.it;805778120;41.10505745437021;16.864301632446104
SAN MICHELE;S.MICHELE;Infanzia;Via Colella, 1;Bari;scuola.infanzia.sanmichele@comune.bari.it;805020982;41.1084844;16.909257
LORIS MALAGUZZI;LORIS MALAGUZZI (Ceglie);Infanzia;Via Lamie;Bari;scuola.infanzia.lorismalaguzzi@comune.bari.it;0805778130-31;41.0713388;16.8692146
LOSETO;LOSETO;Infanzia;Via Valenzano,3;Bari;scuola.infanzia.loseto@comune.bari.it;805001008;41.0412229;16.8482131
ALBEROTANZA (Primi passi Alberotanza);Asilo Nido Primi Passi 'Pietro Alberotanza';Asilo;TRAV.2^ VIA UMBRIA 5;Bari;segreteria@istitutoalberotanza.it;080-5371048;41.12087517843279;16.794008368654385
ALBEROTANZA (Primi passi Alberotanza);Sezione Primavera Pietro Aberotanza;Asilo;TRAV.2^ VIA UMBRIA 5;Bari;segreteria@istitutoalberotanza.it;080-5371048;41.12077770153407;16.794013788830505
GIROTONDO CLUB;Asilo Nido;Asilo;VIA EROI DI DOGALI 2/B;Bari;girotondo.coop@libero.it;809186531;41.1280353;16.8466131
IL GIRASOLE;Asilo Nido;Asilo;CORSO ALCIDE DE GASPERI 294;Bari;scuolailgirasole@yahoo.it;080/5491433;41.0928916;16.8690249
MIROPIO';SCUOLA DELL'INFANZIA;Infanzia;Via Del Quadrifoglio 14;Bari;soc.coopmiropio@libero.it;805306116;41.15414096086467;16.76968802649999
SANTA MARIA DI LEUCA (Istituto Figlie di Santa Maria di Leuca);asilo;Asilo;VIA CAMILLO ROSALBA 42;Bari;barismleuca@gmail.com;805613282;41.0831168;16.8528798
DI CAGNO ABBRESCIA / CRESCIABARI;Asilo Nido Di Cagno Abbrescia;Asilo;Corso Alcide De Gasperi 320;Bari;scuoladicagnoabbrescia@gmail.com;802022717;41.0928916;16.8690249
BABY CLUB;Asilo Nido Baby Club;Asilo;Via Gaetano Devitofrancesco 2/N20;Bari;babyclub@spazioinfanzia.it;805561750;41.1159526;16.8663879
COMETE’ SOC. COOP. SOC.;asilo;Asilo;Via Beata Elia di San Clemente, 235 - Vico I Sant'Antonio, 3;Bari;info@come-te.net;080 5749357 ;41.119016088727896;16.86566500499092
SCUOLA DEI FIORI;Asilo Nido Scuola dei fiori Società Cooerativa Sociale;Asilo;Viale Domenico Cotugno 2/4 - 70124 Bari;Bari;segreteria@scuoladeifiori.it;805618573;41.1073047;16.8563734
SIMPATICHE CANAGLIE;Asilo Nido;Asilo;via F. Campione 27;Bari;simpatichecanaglie.bari@hotmail.it;080/5566210;41.11245094085633;16.864692653699898
FLY FAMILY c/o Aeroporto di Bari Palese;Asilo Nido;Infanzia;viale enzo ferrari;Bari;fly@cooporlando.it;805316161;41.1359841;16.7736961
OHANA Asilo Nido;asilo;Asilo;VIA DOMENICO MOREA, 10;Bari;segreteria.ohana@virgilio.it;805799164;41.1024668;16.8700888
OPERA PIA ARCICONFRATERNITA MARIA SS. DEL CARMINE ETS APS;Polo Infanzia Opera Pia Carmine ;Asilo;Strada Carmine 11;Bari;presidenzaoperapiacarmine@gmail.com;3939321744;41.1292855;16.8691322
AGRIBIOSCUOLA Villa Dei Cedri;Agribioscuola Villa dei Cedri;Infanzia;Corso Alcide De Gasperi 378;Bari;scuolavilladeicedri@gmail.com;805650737;41.0928916;16.8690249
ALADDIN SOC. COOP. SOCIALE A R.L. CRESCERE INSIEME;ALADDIN;Infanzia;VIA CANONICO ANNIBALE MARIA DI FRANCIA, 4;Bari;coopsoccrescereinsieme@gmail.com;338.98.54.252;41.112134;16.8784189
PIETRO ALBEROTANZA SUORE MINIME DELLA PASSIONE;Infanzia;Infanzia;TRAV.2^ VIA UMBRIA 5;Bari;segreteria@istitutoalberotanza.it;080-5371048;41.120839724098126;16.794666399551247
BABY CLUB - SPAZIO INFANZIA;Scuola dell'Infanzia paritaria;Infanzia;Via Gaetano Devitofrancesco 2/N20;Bari;babyclub@spazioinfanzia.it;805561750;41.1159526;16.8663879
BEATA MARIA DE MATTIAS;infanzia;Infanzia;via G. De Marinis, 92/94;Bari;demattias-scuola@libero.it;805650361;41.078555457472945;16.869590021340404
COMETE' - SOC. COOPERATIVA SOC. - ETS;Cometè;Infanzia;Via Beata Elia di San Clemente, 235;Bari;info@come-te.net;080 5749357;41.1190488;16.865823
DI CAGNO ABBRESCIA / CRESCIABARI;Scuola dell'Infanzia paritaria Di Cagno Abbrescia;Infanzia;Corso Alcide De Gasperi 320;Bari;scuoladicagnoabbrescia@gmail.com;802022717;41.0928916;16.8690249
FILIPPO SMALDONE CONGR. S. SALESIANE SACRI CUORI;Scuola dell'Infanzia Paritaria;Infanzia;Strada San Giacomo 2;Bari;direzione@smaldonebari.it;805214979;41.1281531;16.8680579
FLY FAMILY SOC. COOP. SOC. ORLANDO;FLY FAMILY;Asilo;viale enzo ferrari;Bari;fly@cooporlando.it;805316161;41.1359841;16.7736961
GIARDINO DEI BIMBI SOC COOP SOC;infanzia;Infanzia;Via G. Amendola 197/F;Bari;giardino.deibimbi@libero.it;080/5484999;41.0461219;16.8229871
HEIDI;infanzia;Infanzia;piazza Garibaldi 18;Bari;monica_papadia@libero.it;805217181;40.7954765;16.7562986
IL GIARDINO DELLE RONDINI;Istituto Opera Pia Maria SS Del Carmine;Infanzia;Via Carmine,11;Bari;scuola@operapiacarmine.it;3939321744;41.0820603;16.7802889
IL GIRASOLE SOC. COOP. SOC.;infanzia;Infanzia;CORSO ALCIDE DE GASPERI 294;Bari;scuolailgirasole@yahoo.it;080/5491433;41.0928916;16.8690249
ISTITUTO SS.ROSARIO;Infanzia;Infanzia;VIA PUTIGNANI, 244;Bari;scuolaparitaria@istitutosantissimorosario.it;808416820;41.1230819;16.864942
L’ALBERO AZZURRO SOC. COOP. SOCIALE;SCUOLA DELL'INFANZIA PARITARIA L'ALBERO AZZURRO;Infanzia;Via Santi Cirillo e Metodio, 7;Bari;lalbero.azzurro@libero.it;805616361;41.0965427;16.8588334
L'ISOLA CHE NON C'E' SOC. COOP. SOCIALE A R.L. CRESCERE INSIEME;infanzia;Infanzia;CORSO DE GASPERI, 389;Bari;coopsoccrescereinsieme@gmail.com;338.98.54.252;41.0928916;16.8690249
Madre CLELIA MERLONI;Istituto MADRE CLELIA MERLONI;Infanzia;VIA MADRE CLELIA MERLONI,3;Bari;direzione@merlonibari.it;805534975;41.1133875;16.8896868
ISTITUTO MARGHERITA CONGR. SUORE CAPITANIO E GEROSA;Infanzia;Infanzia;C.SO B.CROCE, 267;Bari;segreteria@istitutomargherita.it;080 5968811;41.10792543550483;16.87163001337147
MONSIGNOR SANNA;infanzia;Infanzia;VIALE DELL'ACACIA, 29;Bari;mons.sannascuoladinfanzia@hotmail.com;080.53.00.160;41.1573863;16.7684374
NEW SNOOPY SOC. COOP. SOC.;infanzia;Infanzia;Via M. Garruba 108;Bari;scuolanewsnoopy@gmail.com;805213395;41.120052059858544;16.86234785300657
PARCO FIABE – ISTITUTO SAN PASQUALE;infanzia;Infanzia;STRADA SAN PASQUALE, 1;Bari;direzione@gruppoeducom.it;3939899308;41.1079488;16.8866684
PARCO FIABE – ISTITUTO SICILIANI;infanzia;Infanzia;VIA TOMMASO SICILIANI, 19;Bari;direzione@gruppoeducom.it;3939899308;41.086841066501236;16.871902160173764
PINUCCIA MODUGNO;infanzia;Infanzia;corso De Tullio,4;Bari;scuolapinucciamodugno@gmail.com;805235846;41.131402;16.8680596
PREZ.MO SANGUE;infanzia;Infanzia;VIA SCIPIONE l'AFRICANO 272;Bari;ips-scuola@libero.it;805425745;41.1113292;16.8643652
SCUOLA DEI FIORI;Scuola dei Fiori Società Cooperativa Sociale;Infanzia;Viale Domenico Cotugno 2/4;Bari;segreteria@scuoladeifiori.it;805618573;41.1073047;16.8563734
PINOCCHIO;infanzia;Infanzia; VIA MALTA, 7/A -7/B;Bari;pinocchio@scuoledinfanzia.it;805336001;41.1221486;16.8534777
SNUPY;infanzia;Infanzia;VIA VACCARELLA 53;Bari;scuolamaternasnupy@libero.it;3896864281;41.0960175;16.8675526
ALBEROTANZA;Scuola Primaria;Primaria;TRAV.2^ VIA UMBRIA 5;Bari;segreteria@istitutoalberotanza.it;805371048;41.12088386302969;16.793662688489288
BEATA MARIA DE MATTIAS;primaria;Primaria;via G. De Marinis, 92/94;Bari;demattias-scuola@libero.it;805650361;41.07780513441636;16.86997890242657
CLELIA MERLONI;MADRE CLELIA MERLONI;Primaria;VIA MADRE CLELIA MERLONI,3;Bari;direzione@merlonibari.it;805534975;41.1133875;16.8896868
MARGHERITA;Primaria;Primaria;C.SO B.CROCE, 267;Bari;segreteria@istitutomargherita.it;080 5968811;41.10792543550483;16.87163001337147
PARCO DELLE FIABE;Primaria;Primaria;VIA GIUSEPPE FANELLI, 265;Bari;scuolainternazionale@gruppoeducom.it;3939899308;41.081131;16.8863434
PREZ.MO SANGUE;primaria;Primaria;VIA SCIPIONE l'AFRICANO 272;Bari;ips-scuola@libero.it;805425745;41.1113292;16.8643652
SS.ROSARIO;Primaria;Primaria;VIA PUTIGNANI, 244;Bari;scuolaparitaria@istitutosantissimorosario.it;808416820;41.1230819;16.864942
MARGHERITA;MARGHERITA;Secondaria I Grado;C.SO B.CROCE, 267;Bari;segreteria@istitutomargherita.it;080 5968811;41.10792543550483;16.87163001337147
PREZ.MO SANGUE;PREZ.MO SANGUE;Secondaria I Grado;VIA SCIPIONE l'AFRICANO 272;Bari;ips-scuola@libero.it;805425745;41.1113292;16.8643652
SCUOLA MEDIA INTERNAZIONALE;SCUOLA MEDIA INTERNAZIONALE;Secondaria I Grado;VIA GIUSEPPE FANELLI, 265;Bari;scuolainternazionale@gruppoeducom.it;3939899308;41.081131;16.8863434
NOBEL;NOBEL;Secondaria II Grado;Via dei Bersaglieri 11;Bari;nobelbari@gmail.com;805648865;41.116919091932274;16.884131505704794
ISTITUTUI PARITARI ALESSANDRO VOLTA - I.T.E.A.F.M.;ISTITUTUI PARITARI ALESSANDRO VOLTA - I.T.E.A.F.M.;Secondaria II Grado;Via Giustino Fortunato 8/m;Bari;segreteria@avolta.it;805026453;41.1066131;16.879144
CITTA DELLA DELLA FORMAZIONE  (c/o Ist. Di Cagno Abbescia);CITTA DELLA DELLA FORMAZIONE  (c/o Ist. Di Cagno Abbescia);Secondaria II Grado;Corso Alcide De Gasperi 320;Bari;liceo@unicdf.it;805236636;41.0928916;16.8690249
MICHELANGELO ;KENNEDY;Infanzia;VIALE KENNEDY, 46;Bari;baic8ae00d@istruzione.it;805014732;40.9707515;16.5710083
ELEONORA DUSE ;Marconi;Infanzia;VIA DEL FARO 8/A;Bari;baic816009@istruzione.it;805344848;41.1375669;16.8443819
IPSIA SANTARELLA - DE LILLA;SEDE SUCCURSALE - VIA G. ROCCA;Secondaria II Grado;Via Rocca, 9;Bari;bari130007@istruzione.it;809905355;41.0477467;16.91974
MIROPIO';Asilo;Asilo;Via Del Quadrifoglio 14;Bari;soc.coopmiropio@libero.it;805306116;41.153729873199026;16.76995745165874
UNIVERSITÀ DEGLI STUDI DI BARI;Palazzo Ateneo;Università;Piazza Umberto I, 1;Bari;www.uniba.it;0805711111;41.1205883;16.8689898
UNIVERSITÀ DEGLI STUDI DI BARI;FACOLTÀ DI AGRARIA;Università;Via Giovanni Amendola, 165/A;Bari;www.uniba.it;0805441111;41.1102849;16.8835202
UNIVERSITÀ DEGLI STUDI DI BARI;FACOLTÀ DI ECONOMIA;Università;Via Camillo Rosalba, 53;Bari;www.uniba.it;0805049111;41.0831168;16.8528798
UNIVERSITÀ DEGLI STUDI DI BARI;FACOLTÀ DI FARMACIA;Università;Via Edoardo Orabona, 4;Bari;www.uniba.it;0805442468;41.1079369;16.88043
UNIVERSITÀ DEGLI STUDI DI BARI;FACOLTÀ DI GIURISPRUDENZA;Università;Piazza Cesare Battisti, 1;Bari;www.uniba.it;0805714195;41.1205181;16.8675776
UNIVERSITÀ DEGLI STUDI DI BARI;FACOLTÀ DI LETTERE E FILOSOFIA;Università;Piazza Umberto I, 1;Bari;www.uniba.it;0805711111;41.1205883;16.8689898
UNIVERSITÀ DEGLI STUDI DI BARI;FACOLTÀ DI MEDICINA E CHIRURGIA;Università;Piazza Giulio Cesare, 11;Bari;www.uniba.it;0805478658;41.1116427;16.8594522
UNIVERSITÀ DEGLI STUDI DI BARI;FACOLTÀ DI SCIENZE DELLA FORMAZIONE;Università;Piazza Umberto I, 1;Bari;www.uniba.it;0805714259 ;41.1205883;16.8689898
UNIVERSITÀ DEGLI STUDI DI BARI;FACOLTÀ DI SCIENZE MATEMATICHE FISICHE E NATURALI;Università;Via Edoardo Orabona, 4;Bari;www.uniba.it;0805441111  ;41.1079369;16.88043
UNIVERSITÀ DEGLI STUDI DI BARI;FACOLTÀ DI SCIENZE POLITICHE;Università;Piazza Cesare Battisti, 1;Bari;www.uniba.it;0805711111   ;41.1205181;16.8675776
POLITECNICO DI BARI;I FACOLTÀ DI INGEGNERIA;Università;Via Edoardo Orabona, 4;Bari;www.uniba.it;0805711111   ;41.1079369;16.88043
